<application>
  <component name="GeneralSettings">
    <option name="autoSaveIfInactive" value="true" />
    <option name="confirmExit" value="false" />
    <option name="confirmOpenNewProject2" value="0" />
    <option name="processCloseConfirmation" value="TERMINATE" />
    <option name="showTipsOnStartup" value="false" />
  </component>
  <component name="Registry">
    <entry key="debugger.watches.in.variables" value="false" />
    <entry key="ide.tooltip.initialDelay" value="505" />
    <entry key="ide.suppress.double.click.handler" value="true" />
  </component>
</application>