<application>
  <component name="ProjectJdkTable">
    <jdk version="2">
      <name value="1.8" />
      <type value="JavaSDK" />
      <version value="java version &quot;1.8.0_40&quot;" />
      <homePath value="/Library/Java/JavaVirtualMachines/jdk1.8.0_40.jdk/Contents/Home" />
      <roots>
        <classPath>
          <root type="composite">
            <root url="jar:///Library/Java/JavaVirtualMachines/jdk1.8.0_40.jdk/Contents/Home/jre/lib/charsets.jar!/" type="simple" />
            <root url="jar:///Library/Java/JavaVirtualMachines/jdk1.8.0_40.jdk/Contents/Home/jre/lib/deploy.jar!/" type="simple" />
            <root url="jar:///Library/Java/JavaVirtualMachines/jdk1.8.0_40.jdk/Contents/Home/jre/lib/ext/cldrdata.jar!/" type="simple" />
            <root url="jar:///Library/Java/JavaVirtualMachines/jdk1.8.0_40.jdk/Contents/Home/jre/lib/ext/dnsns.jar!/" type="simple" />
            <root url="jar:///Library/Java/JavaVirtualMachines/jdk1.8.0_40.jdk/Contents/Home/jre/lib/ext/jfxrt.jar!/" type="simple" />
            <root url="jar:///Library/Java/JavaVirtualMachines/jdk1.8.0_40.jdk/Contents/Home/jre/lib/ext/localedata.jar!/" type="simple" />
            <root url="jar:///Library/Java/JavaVirtualMachines/jdk1.8.0_40.jdk/Contents/Home/jre/lib/ext/nashorn.jar!/" type="simple" />
            <root url="jar:///Library/Java/JavaVirtualMachines/jdk1.8.0_40.jdk/Contents/Home/jre/lib/ext/sunec.jar!/" type="simple" />
            <root url="jar:///Library/Java/JavaVirtualMachines/jdk1.8.0_40.jdk/Contents/Home/jre/lib/ext/sunjce_provider.jar!/" type="simple" />
            <root url="jar:///Library/Java/JavaVirtualMachines/jdk1.8.0_40.jdk/Contents/Home/jre/lib/ext/sunpkcs11.jar!/" type="simple" />
            <root url="jar:///Library/Java/JavaVirtualMachines/jdk1.8.0_40.jdk/Contents/Home/jre/lib/ext/zipfs.jar!/" type="simple" />
            <root url="jar:///Library/Java/JavaVirtualMachines/jdk1.8.0_40.jdk/Contents/Home/jre/lib/javaws.jar!/" type="simple" />
            <root url="jar:///Library/Java/JavaVirtualMachines/jdk1.8.0_40.jdk/Contents/Home/jre/lib/jce.jar!/" type="simple" />
            <root url="jar:///Library/Java/JavaVirtualMachines/jdk1.8.0_40.jdk/Contents/Home/jre/lib/jfr.jar!/" type="simple" />
            <root url="jar:///Library/Java/JavaVirtualMachines/jdk1.8.0_40.jdk/Contents/Home/jre/lib/jfxswt.jar!/" type="simple" />
            <root url="jar:///Library/Java/JavaVirtualMachines/jdk1.8.0_40.jdk/Contents/Home/jre/lib/jsse.jar!/" type="simple" />
            <root url="jar:///Library/Java/JavaVirtualMachines/jdk1.8.0_40.jdk/Contents/Home/jre/lib/management-agent.jar!/" type="simple" />
            <root url="jar:///Library/Java/JavaVirtualMachines/jdk1.8.0_40.jdk/Contents/Home/jre/lib/plugin.jar!/" type="simple" />
            <root url="jar:///Library/Java/JavaVirtualMachines/jdk1.8.0_40.jdk/Contents/Home/jre/lib/resources.jar!/" type="simple" />
            <root url="jar:///Library/Java/JavaVirtualMachines/jdk1.8.0_40.jdk/Contents/Home/jre/lib/rt.jar!/" type="simple" />
            <root url="jar:///Library/Java/JavaVirtualMachines/jdk1.8.0_40.jdk/Contents/Home/lib/ant-javafx.jar!/" type="simple" />
            <root url="jar:///Library/Java/JavaVirtualMachines/jdk1.8.0_40.jdk/Contents/Home/lib/dt.jar!/" type="simple" />
            <root url="jar:///Library/Java/JavaVirtualMachines/jdk1.8.0_40.jdk/Contents/Home/lib/javafx-mx.jar!/" type="simple" />
            <root url="jar:///Library/Java/JavaVirtualMachines/jdk1.8.0_40.jdk/Contents/Home/lib/jconsole.jar!/" type="simple" />
            <root url="jar:///Library/Java/JavaVirtualMachines/jdk1.8.0_40.jdk/Contents/Home/lib/packager.jar!/" type="simple" />
            <root url="jar:///Library/Java/JavaVirtualMachines/jdk1.8.0_40.jdk/Contents/Home/lib/sa-jdi.jar!/" type="simple" />
            <root url="jar:///Library/Java/JavaVirtualMachines/jdk1.8.0_40.jdk/Contents/Home/lib/tools.jar!/" type="simple" />
          </root>
        </classPath>
        <sourcePath>
          <root type="composite">
            <root url="jar:///Library/Java/JavaVirtualMachines/jdk1.8.0_40.jdk/Contents/Home/src.zip!/" type="simple" />
            <root url="jar:///Library/Java/JavaVirtualMachines/jdk1.8.0_40.jdk/Contents/Home/javafx-src.zip!/" type="simple" />
          </root>
        </sourcePath>
      </roots>
      <additional />
    </jdk>
    <jdk version="2">
      <name value="1.7" />
      <type value="JavaSDK" />
      <version value="java version &quot;1.7.0_71&quot;" />
      <homePath value="/Library/Java/JavaVirtualMachines/jdk1.7.0_71.jdk/Contents/Home" />
      <roots>
        <classPath>
          <root type="composite">
            <root url="jar:///Library/Java/JavaVirtualMachines/jdk1.7.0_71.jdk/Contents/Home/jre/lib/charsets.jar!/" type="simple" />
            <root url="jar:///Library/Java/JavaVirtualMachines/jdk1.7.0_71.jdk/Contents/Home/jre/lib/deploy.jar!/" type="simple" />
            <root url="jar:///Library/Java/JavaVirtualMachines/jdk1.7.0_71.jdk/Contents/Home/jre/lib/ext/dnsns.jar!/" type="simple" />
            <root url="jar:///Library/Java/JavaVirtualMachines/jdk1.7.0_71.jdk/Contents/Home/jre/lib/ext/localedata.jar!/" type="simple" />
            <root url="jar:///Library/Java/JavaVirtualMachines/jdk1.7.0_71.jdk/Contents/Home/jre/lib/ext/sunec.jar!/" type="simple" />
            <root url="jar:///Library/Java/JavaVirtualMachines/jdk1.7.0_71.jdk/Contents/Home/jre/lib/ext/sunjce_provider.jar!/" type="simple" />
            <root url="jar:///Library/Java/JavaVirtualMachines/jdk1.7.0_71.jdk/Contents/Home/jre/lib/ext/sunpkcs11.jar!/" type="simple" />
            <root url="jar:///Library/Java/JavaVirtualMachines/jdk1.7.0_71.jdk/Contents/Home/jre/lib/ext/zipfs.jar!/" type="simple" />
            <root url="jar:///Library/Java/JavaVirtualMachines/jdk1.7.0_71.jdk/Contents/Home/jre/lib/htmlconverter.jar!/" type="simple" />
            <root url="jar:///Library/Java/JavaVirtualMachines/jdk1.7.0_71.jdk/Contents/Home/jre/lib/javaws.jar!/" type="simple" />
            <root url="jar:///Library/Java/JavaVirtualMachines/jdk1.7.0_71.jdk/Contents/Home/jre/lib/jce.jar!/" type="simple" />
            <root url="jar:///Library/Java/JavaVirtualMachines/jdk1.7.0_71.jdk/Contents/Home/jre/lib/jfr.jar!/" type="simple" />
            <root url="jar:///Library/Java/JavaVirtualMachines/jdk1.7.0_71.jdk/Contents/Home/jre/lib/jfxrt.jar!/" type="simple" />
            <root url="jar:///Library/Java/JavaVirtualMachines/jdk1.7.0_71.jdk/Contents/Home/jre/lib/jsse.jar!/" type="simple" />
            <root url="jar:///Library/Java/JavaVirtualMachines/jdk1.7.0_71.jdk/Contents/Home/jre/lib/management-agent.jar!/" type="simple" />
            <root url="jar:///Library/Java/JavaVirtualMachines/jdk1.7.0_71.jdk/Contents/Home/jre/lib/plugin.jar!/" type="simple" />
            <root url="jar:///Library/Java/JavaVirtualMachines/jdk1.7.0_71.jdk/Contents/Home/jre/lib/resources.jar!/" type="simple" />
            <root url="jar:///Library/Java/JavaVirtualMachines/jdk1.7.0_71.jdk/Contents/Home/jre/lib/rt.jar!/" type="simple" />
            <root url="jar:///Library/Java/JavaVirtualMachines/jdk1.7.0_71.jdk/Contents/Home/lib/ant-javafx.jar!/" type="simple" />
            <root url="jar:///Library/Java/JavaVirtualMachines/jdk1.7.0_71.jdk/Contents/Home/lib/dt.jar!/" type="simple" />
            <root url="jar:///Library/Java/JavaVirtualMachines/jdk1.7.0_71.jdk/Contents/Home/lib/javafx-doclet.jar!/" type="simple" />
            <root url="jar:///Library/Java/JavaVirtualMachines/jdk1.7.0_71.jdk/Contents/Home/lib/javafx-mx.jar!/" type="simple" />
            <root url="jar:///Library/Java/JavaVirtualMachines/jdk1.7.0_71.jdk/Contents/Home/lib/jconsole.jar!/" type="simple" />
            <root url="jar:///Library/Java/JavaVirtualMachines/jdk1.7.0_71.jdk/Contents/Home/lib/sa-jdi.jar!/" type="simple" />
            <root url="jar:///Library/Java/JavaVirtualMachines/jdk1.7.0_71.jdk/Contents/Home/lib/tools.jar!/" type="simple" />
          </root>
        </classPath>
        <sourcePath>
          <root type="composite">
            <root url="jar:///Library/Java/JavaVirtualMachines/jdk1.7.0_71.jdk/Contents/Home/src.zip!/" type="simple" />
          </root>
        </sourcePath>
      </roots>
      <additional />
    </jdk>
    <jdk version="2">
      <name value="Kahlua" />
      <type value="Lua SDK" />
      <version value="Kahlua" />
      <homePath value="" />
      <roots>
        <classPath>
          <root type="composite">
            <root url="file://$APPLICATION_PLUGINS_DIR$/Lua/stdlibrary" type="simple" />
          </root>
        </classPath>
        <sourcePath>
          <root type="composite">
            <root url="file://$APPLICATION_PLUGINS_DIR$/Lua/stdlibrary" type="simple" />
          </root>
        </sourcePath>
      </roots>
      <additional />
    </jdk>
    <jdk version="2">
      <name value="LuaJ" />
      <type value="Lua SDK" />
      <version value="LuaJ" />
      <homePath value="" />
      <roots>
        <classPath>
          <root type="composite">
            <root url="file://$APPLICATION_PLUGINS_DIR$/Lua/stdlibrary" type="simple" />
          </root>
        </classPath>
        <sourcePath>
          <root type="composite">
            <root url="file://$APPLICATION_PLUGINS_DIR$/Lua/stdlibrary" type="simple" />
          </root>
        </sourcePath>
      </roots>
      <additional />
    </jdk>
    <jdk version="2">
      <name value="ruby-2.3.3-p222" />
      <type value="RUBY_SDK" />
      <version value="ver.2.3.3p222 ( revision 56859) p222" />
      <homePath value="/usr/bin/ruby" />
      <roots>
        <classPath>
          <root type="composite" />
        </classPath>
        <sourcePath>
          <root type="composite" />
        </sourcePath>
      </roots>
      <additional NORMALIZED_VERSION_STRING="ver.2.3.3p222 ( revision 56859) p222" version="1" GEMS_BIN_DIR_PATH="/usr/bin">
        <VERSION_MANAGER ID="system" />
        <RbConfig />
      </additional>
    </jdk>
    <jdk version="2">
      <name value="ruby-2.4.4-p296" />
      <type value="RUBY_SDK" />
      <version value="ver.2.4.4p296 ( revision 63013) p296" />
      <homePath value="$USER_HOME$/.rvm/rubies/ruby-2.4.4/bin/ruby" />
      <roots>
        <classPath>
          <root type="composite">
            <root url="file://$APPLICATION_HOME_DIR$/rubystubs24" type="simple" />
            <root url="file://$USER_HOME$/.rvm/gems/ruby-2.4.4@global/gems/did_you_mean-1.1.0/lib" type="simple" />
            <root url="file://$USER_HOME$/.rvm/rubies/ruby-2.4.4/lib/ruby/site_ruby/2.4.0" type="simple" />
            <root url="file://$USER_HOME$/.rvm/rubies/ruby-2.4.4/lib/ruby/site_ruby/2.4.0/x86_64-darwin17" type="simple" />
            <root url="file://$USER_HOME$/.rvm/rubies/ruby-2.4.4/lib/ruby/site_ruby" type="simple" />
            <root url="file://$USER_HOME$/.rvm/rubies/ruby-2.4.4/lib/ruby/vendor_ruby/2.4.0" type="simple" />
            <root url="file://$USER_HOME$/.rvm/rubies/ruby-2.4.4/lib/ruby/vendor_ruby/2.4.0/x86_64-darwin17" type="simple" />
            <root url="file://$USER_HOME$/.rvm/rubies/ruby-2.4.4/lib/ruby/vendor_ruby" type="simple" />
            <root url="file://$USER_HOME$/.rvm/rubies/ruby-2.4.4/lib/ruby/2.4.0" type="simple" />
            <root url="file://$USER_HOME$/.rvm/rubies/ruby-2.4.4/lib/ruby/2.4.0/x86_64-darwin17" type="simple" />
          </root>
        </classPath>
        <sourcePath>
          <root type="composite">
            <root url="file://$USER_HOME$/.rvm/gems/ruby-2.4.4@global/gems/did_you_mean-1.1.0/lib" type="simple" />
            <root url="file://$USER_HOME$/.rvm/rubies/ruby-2.4.4/lib/ruby/site_ruby/2.4.0" type="simple" />
            <root url="file://$USER_HOME$/.rvm/rubies/ruby-2.4.4/lib/ruby/site_ruby/2.4.0/x86_64-darwin17" type="simple" />
            <root url="file://$USER_HOME$/.rvm/rubies/ruby-2.4.4/lib/ruby/site_ruby" type="simple" />
            <root url="file://$USER_HOME$/.rvm/rubies/ruby-2.4.4/lib/ruby/vendor_ruby/2.4.0" type="simple" />
            <root url="file://$USER_HOME$/.rvm/rubies/ruby-2.4.4/lib/ruby/vendor_ruby/2.4.0/x86_64-darwin17" type="simple" />
            <root url="file://$USER_HOME$/.rvm/rubies/ruby-2.4.4/lib/ruby/vendor_ruby" type="simple" />
            <root url="file://$USER_HOME$/.rvm/rubies/ruby-2.4.4/lib/ruby/2.4.0" type="simple" />
            <root url="file://$USER_HOME$/.rvm/rubies/ruby-2.4.4/lib/ruby/2.4.0/x86_64-darwin17" type="simple" />
            <root url="file://$APPLICATION_HOME_DIR$/rubystubs24" type="simple" />
          </root>
        </sourcePath>
      </roots>
      <additional NORMALIZED_VERSION_STRING="ver.2.4.4p296 ( revision 63013) p296" version="1" GEMS_BIN_DIR_PATH="$USER_HOME$/.rvm/gems/ruby-2.4.4/bin">
        <VERSION_MANAGER ID="system" />
        <RbConfig />
      </additional>
    </jdk>
  </component>
</application>