<keymap version="1" name="Mac OS X 10.5+ new_stone" parent="Mac OS X 10.5+">
  <action id="ActivateFavoritesToolWindow">
    <keyboard-shortcut first-keystroke="meta 2" />
    <keyboard-shortcut first-keystroke="alt 8" />
  </action>
  <action id="ActivateFindToolWindow" />
  <action id="ActivateMessagesToolWindow" />
  <action id="ActivateRunToolWindow" />
  <action id="ActivateStructureToolWindow">
    <keyboard-shortcut first-keystroke="meta 3" />
  </action>
  <action id="AddToFavorites">
    <keyboard-shortcut first-keystroke="ctrl meta alt f" />
  </action>
  <action id="AppCode.OpenInXcodeAction">
    <keyboard-shortcut first-keystroke="alt comma" />
  </action>
  <action id="AppCode.ProjectSettingsAction">
    <keyboard-shortcut first-keystroke="ctrl meta alt semicolon" />
  </action>
  <action id="Back">
    <keyboard-shortcut first-keystroke="meta alt left" />
    <mouse-shortcut keystroke="button4" />
    <keyboard-shortcut first-keystroke="meta e" />
  </action>
  <action id="Build">
    <keyboard-shortcut first-keystroke="meta b" />
  </action>
  <action id="BuildArtifact">
    <keyboard-shortcut first-keystroke="ctrl meta alt b" />
    <keyboard-shortcut first-keystroke="alt a" />
  </action>
  <action id="CIDR.Lang.IntroduceTypedef">
    <keyboard-shortcut first-keystroke="ctrl meta alt t" />
  </action>
  <action id="CIDR.Lang.ObjC.ConvertToBlock">
    <keyboard-shortcut first-keystroke="ctrl meta alt b" />
  </action>
  <action id="CIDR.Lang.ObjC.DeclareMembers">
    <keyboard-shortcut first-keystroke="alt n" />
  </action>
  <action id="CIDR.Lang.ObjC.ExtractBlock">
    <keyboard-shortcut first-keystroke="ctrl meta alt p" />
  </action>
  <action id="CIDR.Lang.ObjC.IntroduceProperty">
    <keyboard-shortcut first-keystroke="meta alt e" />
    <keyboard-shortcut first-keystroke="alt p" />
  </action>
  <action id="ChangesView.UnshelveSilently" />
  <action id="CheckinProject">
    <keyboard-shortcut first-keystroke="shift ctrl space" />
  </action>
  <action id="CloseAllEditors">
    <keyboard-shortcut first-keystroke="shift ctrl meta alt w" />
  </action>
  <action id="CloseAllEditorsButActive">
    <keyboard-shortcut first-keystroke="ctrl meta alt w" />
  </action>
  <action id="CloseAllUnpinnedEditors">
    <keyboard-shortcut first-keystroke="ctrl x" />
  </action>
  <action id="CodeCompletion">
    <keyboard-shortcut first-keystroke="ctrl space" />
    <keyboard-shortcut first-keystroke="meta k" />
  </action>
  <action id="ConsoleView.ClearAll">
    <keyboard-shortcut first-keystroke="alt k" />
  </action>
  <action id="CopyElement" />
  <action id="DatabaseView.PropertiesAction">
    <keyboard-shortcut first-keystroke="alt i" />
  </action>
  <action id="Debug">
    <keyboard-shortcut first-keystroke="ctrl d" />
    <keyboard-shortcut first-keystroke="meta r" />
  </action>
  <action id="DebugClass">
    <keyboard-shortcut first-keystroke="shift ctrl d" />
    <keyboard-shortcut first-keystroke="alt t" />
  </action>
  <action id="Debugger.EvaluateInConsole">
    <keyboard-shortcut first-keystroke="ctrl meta alt 0" />
  </action>
  <action id="DecrementWindowHeight" />
  <action id="EditSource" />
  <action id="EditorAddOrRemoveCaret">
    <mouse-shortcut keystroke="shift alt button1" />
    <mouse-shortcut keystroke="alt button1" />
  </action>
  <action id="EditorCodeBlockEndWithSelection">
    <keyboard-shortcut first-keystroke="shift meta alt close_bracket" />
    <keyboard-shortcut first-keystroke="meta close_bracket" />
  </action>
  <action id="EditorCodeBlockStart">
    <keyboard-shortcut first-keystroke="meta alt open_bracket" />
    <keyboard-shortcut first-keystroke="meta open_bracket" />
  </action>
  <action id="EditorDecreaseFontSize">
    <keyboard-shortcut first-keystroke="shift ctrl meta alt minus" />
  </action>
  <action id="EditorDeleteLine">
    <keyboard-shortcut first-keystroke="alt d" />
  </action>
  <action id="EditorDeleteToLineEnd">
    <keyboard-shortcut first-keystroke="shift meta back_space" />
  </action>
  <action id="EditorDeleteToLineStart">
    <keyboard-shortcut first-keystroke="meta back_space" />
  </action>
  <action id="EditorIncreaseFontSize">
    <keyboard-shortcut first-keystroke="shift ctrl meta alt equals" />
  </action>
  <action id="EditorJoinLines">
    <keyboard-shortcut first-keystroke="shift ctrl j" />
    <keyboard-shortcut first-keystroke="alt j" />
  </action>
  <action id="EditorLeft">
    <keyboard-shortcut first-keystroke="left" />
    <keyboard-shortcut first-keystroke="ctrl b" />
    <keyboard-shortcut first-keystroke="alt h" />
  </action>
  <action id="EditorLineEnd">
    <keyboard-shortcut first-keystroke="end" />
    <keyboard-shortcut first-keystroke="meta right" />
    <keyboard-shortcut first-keystroke="ctrl e" />
    <keyboard-shortcut first-keystroke="meta m" />
  </action>
  <action id="EditorLineStart">
    <keyboard-shortcut first-keystroke="home" />
    <keyboard-shortcut first-keystroke="meta left" />
    <keyboard-shortcut first-keystroke="ctrl a" />
    <keyboard-shortcut first-keystroke="meta h" />
  </action>
  <action id="EditorResetFontSize">
    <keyboard-shortcut first-keystroke="shift ctrl meta alt 0" />
  </action>
  <action id="EditorRight">
    <keyboard-shortcut first-keystroke="right" />
    <keyboard-shortcut first-keystroke="ctrl f" />
    <keyboard-shortcut first-keystroke="alt m" />
  </action>
  <action id="EditorTextEnd">
    <keyboard-shortcut first-keystroke="meta end" />
    <keyboard-shortcut first-keystroke="meta down" />
  </action>
  <action id="EditorTextEndWithSelection">
    <keyboard-shortcut first-keystroke="shift meta end" />
    <keyboard-shortcut first-keystroke="shift meta down" />
  </action>
  <action id="EditorTextStart">
    <keyboard-shortcut first-keystroke="meta home" />
    <keyboard-shortcut first-keystroke="meta up" />
  </action>
  <action id="EditorTextStartWithSelection">
    <keyboard-shortcut first-keystroke="shift meta home" />
    <keyboard-shortcut first-keystroke="shift meta up" />
  </action>
  <action id="EditorToggleUseSoftWraps">
    <keyboard-shortcut first-keystroke="ctrl meta alt enter" />
  </action>
  <action id="FileStructurePopup">
    <keyboard-shortcut first-keystroke="meta f12" />
    <keyboard-shortcut first-keystroke="meta y" />
  </action>
  <action id="Forward">
    <keyboard-shortcut first-keystroke="meta alt right" />
    <mouse-shortcut keystroke="button5" />
    <keyboard-shortcut first-keystroke="meta t" />
  </action>
  <action id="GotoDeclaration">
    <mouse-shortcut keystroke="meta button1" />
    <mouse-shortcut keystroke="button2" />
  </action>
  <action id="GotoFile">
    <keyboard-shortcut first-keystroke="shift meta o" />
    <keyboard-shortcut first-keystroke="meta u" />
  </action>
  <action id="GotoRelated">
    <keyboard-shortcut first-keystroke="ctrl meta up" />
    <keyboard-shortcut first-keystroke="ctrl meta down" />
    <keyboard-shortcut first-keystroke="alt c" />
  </action>
  <action id="GotoSuperMethod">
    <keyboard-shortcut first-keystroke="meta alt u" />
  </action>
  <action id="GotoSymbol">
    <keyboard-shortcut first-keystroke="meta alt o" />
    <keyboard-shortcut first-keystroke="alt o" />
  </action>
  <action id="Images.Editor.ToggleGrid">
    <keyboard-shortcut first-keystroke="ctrl meta alt quote" />
  </action>
  <action id="IncrementWindowHeight" />
  <action id="Inline">
    <keyboard-shortcut first-keystroke="meta alt n" />
    <keyboard-shortcut first-keystroke="alt i" />
  </action>
  <action id="InsertLiveTemplate">
    <keyboard-shortcut first-keystroke="alt u" />
    <keyboard-shortcut first-keystroke="meta 8" />
  </action>
  <action id="IntroduceVariable">
    <keyboard-shortcut first-keystroke="meta alt v" />
    <keyboard-shortcut first-keystroke="meta i" />
  </action>
  <action id="Jdbc.OpenEditor.DDL">
    <mouse-shortcut keystroke="meta button1" />
    <mouse-shortcut keystroke="button2" />
  </action>
  <action id="JumpToLastChange">
    <keyboard-shortcut first-keystroke="alt l" />
  </action>
  <action id="MethodDown">
    <keyboard-shortcut first-keystroke="ctrl down" />
    <keyboard-shortcut first-keystroke="meta semicolon" />
  </action>
  <action id="MethodHierarchy">
    <keyboard-shortcut first-keystroke="ctrl meta alt h" />
  </action>
  <action id="MethodUp">
    <keyboard-shortcut first-keystroke="ctrl up" />
    <keyboard-shortcut first-keystroke="meta quote" />
  </action>
  <action id="MinimizeCurrentWindow" />
  <action id="Move" />
  <action id="MoveStatementDown" />
  <action id="MoveStatementUp" />
  <action id="OverrideMethods">
    <keyboard-shortcut first-keystroke="ctrl o" />
    <keyboard-shortcut first-keystroke="alt y" />
  </action>
  <action id="PinActiveTab">
    <keyboard-shortcut first-keystroke="ctrl z" />
  </action>
  <action id="QuickEvaluateExpression">
    <keyboard-shortcut first-keystroke="meta alt f8" />
    <keyboard-shortcut first-keystroke="f5" />
  </action>
  <action id="QuickImplementations">
    <keyboard-shortcut first-keystroke="alt space" />
    <keyboard-shortcut first-keystroke="shift meta l" />
  </action>
  <action id="RecentFiles">
    <keyboard-shortcut first-keystroke="alt e" />
  </action>
  <action id="ReformatCode">
    <keyboard-shortcut first-keystroke="meta alt l" />
    <keyboard-shortcut first-keystroke="shift meta h" />
    <keyboard-shortcut first-keystroke="alt s" />
  </action>
  <action id="Refresh" />
  <action id="RemoteHostView.EditSource" />
  <action id="Replace">
    <keyboard-shortcut first-keystroke="alt f" />
  </action>
  <action id="Rerun">
    <keyboard-shortcut first-keystroke="ctrl meta alt r" />
  </action>
  <action id="ResizeToolWindowDown" />
  <action id="ResizeToolWindowUp" />
  <action id="RevealIn">
    <keyboard-shortcut first-keystroke="ctrl meta alt 3" />
  </action>
  <action id="RunClass">
    <keyboard-shortcut first-keystroke="shift ctrl r" />
    <keyboard-shortcut first-keystroke="alt r" />
  </action>
  <action id="RunToCursor">
    <keyboard-shortcut first-keystroke="alt f9" />
    <keyboard-shortcut first-keystroke="f4" />
  </action>
  <action id="SaveAll">
    <keyboard-shortcut first-keystroke="ctrl s" />
    <keyboard-shortcut first-keystroke="meta s" />
  </action>
  <action id="SaveAsTemplate">
    <keyboard-shortcut first-keystroke="meta 0" />
  </action>
  <action id="ScrollPane-scrollEnd">
    <keyboard-shortcut first-keystroke="alt w" />
  </action>
  <action id="SelectAllOccurrences">
    <keyboard-shortcut first-keystroke="ctrl meta g" />
    <keyboard-shortcut first-keystroke="alt a" />
  </action>
  <action id="SelectInProjectView">
    <keyboard-shortcut first-keystroke="shift meta j" />
  </action>
  <action id="ShowIntentionActions">
    <keyboard-shortcut first-keystroke="alt enter" />
    <keyboard-shortcut first-keystroke="meta j" />
  </action>
  <action id="ShowNavBar">
    <keyboard-shortcut first-keystroke="alt home" />
  </action>
  <action id="ShowProjectStructureSettings" />
  <action id="SmartTypeCompletion">
    <keyboard-shortcut first-keystroke="meta alt k" />
  </action>
  <action id="SplitHorizontally">
    <keyboard-shortcut first-keystroke="ctrl meta alt minus" />
    <keyboard-shortcut first-keystroke="alt back_slash" />
  </action>
  <action id="SplitVertically">
    <keyboard-shortcut first-keystroke="ctrl meta alt back_slash" />
    <keyboard-shortcut first-keystroke="meta back_slash" />
  </action>
  <action id="StepOut">
    <keyboard-shortcut first-keystroke="shift f8" />
    <keyboard-shortcut first-keystroke="f8" />
  </action>
  <action id="StepOver">
    <keyboard-shortcut first-keystroke="f6" />
  </action>
  <action id="SurroundWithEmmet">
    <keyboard-shortcut first-keystroke="alt q" />
  </action>
  <action id="SurroundWithLiveTemplate">
    <keyboard-shortcut first-keystroke="meta alt j" />
    <keyboard-shortcut first-keystroke="meta 4" />
  </action>
  <action id="SwiftIntroduceClosureVariable">
    <keyboard-shortcut first-keystroke="meta alt semicolon" />
  </action>
  <action id="Vcs.EditSource" />
  <action id="Vcs.ReformatCommitMessage">
    <keyboard-shortcut first-keystroke="meta alt l" />
    <keyboard-shortcut first-keystroke="shift meta h" />
  </action>
  <action id="Vcs.UpdateProject" />
  <action id="XDebugger.JumpToSource" />
  <action id="code.align">
    <keyboard-shortcut first-keystroke="meta alt i" />
    <keyboard-shortcut first-keystroke="shift meta i" />
  </action>
  <action id="editRunConfigurations">
    <keyboard-shortcut first-keystroke="meta f4" />
  </action>
  <action id="javaee.UpdateRunningApplication">
    <keyboard-shortcut first-keystroke="meta f10" />
  </action>
</keymap>